pdb_id,chain_a,chain_b,split,num_residues,num_binding
7T89,A,B,train,63,48
7LPF,B,A,train,393,38
6WX3,A,B,train,268,44
7ADR,C,A,train,113,40
4PJ2,A,B,train,121,29
6BRA,A,B,train,99,41
7JQK,E,I,train,222,35
6ZEH,A,C,train,304,78
8AVS,B,A,train,51,8
8BD1,B,A,train,130,29
6EH4,D,E,train,204,63
8SVG,B,A,train,74,24
7OQN,B,A,train,255,55
8VTD,A,B,train,214,49
8B2R,B,A,train,86,33
5Z0F,B,A,train,77,24
6J2U,A,B,train,72,23
5Z0D,B,A,train,80,27
8DA7,A,B,train,54,16
6FUB,A,B,train,81,26
5QU2,B,A,train,56,14
7UXM,B,A,train,164,9
4KU0,B,A,train,92,90
4JOK,A,B,train,87,13
7DY4,D,A,train,146,19
4HPK,B,A,train,113,19
9I24,H,L,train,234,25
7COH,G,A,train,72,10
6EH5,B,A,train,244,64
9H8H,D,A,train,219,42
4EJD,B,A,train,99,37
7JOD,I,E,train,166,23
6FR4,B,A,train,244,65
6Z8M,A,B,train,283,87
6VI2,C,A,train,215,4
7DY4,H,A,train,146,1
3AWW,A,B,train,278,46
4HT3,A,B,train,268,44
8ROP,B,A,train,100,35
6OC7,H,L,train,219,45
3D32,A,B,train,118,9
7W4Z,A,B,train,362,46
8DAC,B,A,train,56,14
7S5H,A,B,train,92,28
6HER,A,B,train,103,19
6Y2A,A,B,train,276,53
6Y2A,B,A,train,100,34
7Z76,B,A,train,89,32
3HHT,B,A,train,227,109
5N8B,B,A,train,120,8
7COH,C,A,train,258,62
7WJ2,A,B,train,276,46
3SFJ,C,A,train,104,8
6DUB,B,A,train,218,18
5XVE,A,B,train,331,69
5OL4,A,B,train,99,6
5UD9,H,L,train,227,54
7COH,C,A,train,258,62
9FC2,A,B,train,195,32
7T89,D,A,train,171,12
6Q0N,A,B,train,93,16
2ZWE,A,B,train,276,45
5OL4,A,B,train,99,6
8BBP,B,A,train,346,76
5T5L,B,A,train,229,28
8TBG,B,A,train,167,1
9IA3,A,B,train,215,55
8GV2,B,A,train,212,50
7AQZ,D,A,train,93,22
8B58,B,A,train,200,11
5Z0E,A,B,train,273,37
6BRA,A,B,train,99,41
3X25,B,A,train,212,94
4J9F,E,A,train,60,11
9FZK,B,A,train,286,60
6UCF,H,L,train,226,57
7R7W,A,B,train,276,41
3S43,A,B,train,99,40
3BWA,A,B,train,276,45
3WVD,A,B,train,194,86
5DC8,A,B,train,363,32
6YPQ,B,A,train,172,42
7COH,J,A,train,56,9
7OQM,B,A,train,255,55
6VNT,B,A,train,395,39
4EE6,B,A,train,282,20
6GAL,T,S,train,266,23
7COH,I,A,train,70,5
7PH1,E,I,train,223,33
4NB3,A,B,train,123,13
5Z0K,A,B,train,276,39
4HT3,A,B,train,268,44
5IZ3,A,B,train,316,53
7WZZ,B,A,train,99,30
4JOF,B,A,train,87,14
7DY4,D,A,train,146,19
6ZEH,C,A,train,65,48
6II1,A,B,train,137,22
4A7G,F,A,train,153,22
8SRV,B,A,train,313,61
3AWX,B,A,train,72,23
9ERC,T,S,train,267,22
3CZF,A,B,train,276,44
3O18,A,B,train,162,40
3ZE9,B,A,train,479,104
3D3B,J,A,train,87,29
3P95,E,A,train,58,16
7RSW,A,B,train,125,7
4G9S,B,A,train,111,37
6L0V,G,A,train,60,8
9MEF,A,B,train,264,41
8EHE,A,B,train,352,53
8IC9,B,A,train,76,16
6Z1V,A,B,train,80,16
6Z8J,B,A,train,482,98
8TBK,B,A,train,170,1
4NZU,L,H,train,211,57
6RTP,A,B,train,283,90
9ERB,T,S,train,268,24
9EZU,A,B,train,118,21
6WFY,L,H,train,215,55
7DY4,H,A,train,146,1
3AWT,B,A,train,78,25
7N3H,L,H,train,213,61
7OQN,A,B,train,254,54
2ZWD,A,B,train,273,44
6ZEG,C,A,train,66,52
4HI8,A,B,train,170,28
6V2P,A,B,train,276,39
3BWA,A,B,train,276,45
6TJT,B,A,train,158,12
8VTD,B,A,train,221,53
3D1K,B,A,train,146,23
7OQK,B,A,train,255,55
6OSV,L,K,train,111,20
3ZE9,A,B,train,278,85
3WVD,A,B,train,194,86
9HUB,C,X,train,119,3
5CGQ,B,A,train,391,38
6TNQ,E,A,train,67,11
4HI8,A,B,train,170,28
5T5L,A,B,train,229,27
4J44,C,A,train,76,15
5BXO,A,B,train,160,24
9GZL,B,A,train,88,71
7DY4,C,A,train,141,10
3OT1,B,A,train,189,34
2ZFD,A,B,train,183,43
6VI2,B,A,train,231,65
9GG7,A,B,train,234,25
6II1,C,A,train,138,2
5NGQ,B,A,train,114,7
6FU9,B,A,train,84,30
4HPK,B,A,train,113,19
4JOE,B,A,train,87,13
7COH,F,A,train,91,33
7LPF,B,A,train,393,38
7ADY,A,B,train,473,85
4QLP,B,A,train,199,57
6MT6,C,A,train,99,35
5N8E,D,A,train,120,45
5N8J,D,A,train,120,7
7R7W,B,A,train,100,33
7DY4,C,A,train,141,10
6RKG,A,B,train,99,7
9HUB,X,C,train,73,7
9GG7,B,A,train,236,27
6Z8J,A,B,train,279,87
4EE6,B,A,train,282,20
7RPU,A,B,train,210,55
7T0H,H,L,train,215,50
5NI3,A,B,train,224,13
6Q0M,B,A,train,94,19
9KHC,C,A,train,248,9
7OQK,A,B,train,254,53
3D9A,H,C,train,210,15
3MRG,A,B,train,274,44
7S6O,A,B,train,73,14
7WZZ,A,B,train,277,40
3D1K,A,B,train,142,22
5Z0L,B,A,train,73,22
6GSC,B,A,train,206,21
3NJN,C,A,train,114,35
7CN7,A,C,train,178,30
5Z0H,B,A,train,72,21
9GZL,A,B,train,394,121
3AWW,A,B,train,278,46
7LPF,A,B,train,268,40
4PJ2,B,A,train,123,28
7D5B,D,A,train,112,26
8BJ7,A,B,train,395,117
5N8E,C,A,train,121,8
7FMI,B,A,train,300,8
5XCQ,A,B,train,166,66
8GV2,B,A,train,212,50
5N8B,D,A,train,125,49
5LMM,T,S,train,264,21
3FIL,B,A,train,56,13
5M2O,A,B,train,137,29
3BOM,A,B,train,142,23
6VI2,D,A,train,236,25
9D6K,A,B,train,202,92
7G83,A,B,train,179,32
6FEA,B,A,train,464,88
8BJ7,A,B,train,395,117
7COH,B,A,train,226,88
3K05,A,B,train,193,18
4K12,B,A,train,82,14
3BOM,D,A,train,147,18
3X24,B,A,train,212,95
8ROP,B,A,train,100,35
5TEG,B,A,train,158,18
3O18,A,B,train,162,40
9I3W,L,H,train,215,51
7S6O,B,A,train,75,11
5NGQ,C,A,train,114,37
6OC7,L,H,train,212,56
4HM8,B,A,train,192,45
9D5V,B,A,train,228,105
7AQZ,A,B,train,358,119
4HPK,A,B,train,110,23
9FYS,X,C,train,72,5
5R0D,B,A,train,300,8
3TVJ,B,A,train,242,23
4LMS,D,A,train,162,24
6HOI,B,A,train,117,13
6Q0M,A,B,train,93,12
3O18,B,A,train,171,37
8DA7,B,A,train,52,20
4Y11,I,E,train,56,18
7JOD,E,I,train,223,37
3BOM,D,A,train,147,18
2ZWE,A,B,train,276,45
8GV2,A,B,train,218,44
6SWT,A,B,train,228,17
3NJN,C,A,train,114,35
5N8B,D,A,train,125,49
6SWT,A,B,train,228,17
9D5V,A,B,train,203,91
4J9F,C,A,train,57,2
8TBG,B,A,train,167,1
3F9X,A,B,train,160,12
5OK6,A,B,train,219,29
9I3W,H,L,train,234,49
8DAC,A,B,train,56,17
8RS8,D,A,train,210,10
5NI3,A,B,train,224,13
5N89,D,A,train,122,47
5Z0G,A,B,train,276,41
6OC7,C,H,train,58,14
6I4E,A,G,train,351,31
7BNT,C,A,train,84,3
8TBG,A,B,train,167,1
3A8G,A,B,train,195,83
5R0D,B,A,train,300,8
8TBG,D,A,train,164,13
8B2R,A,B,train,78,24
7AQZ,A,B,train,358,119
8DA7,A,B,train,54,16
5IQN,G,A,train,132,22
5JB9,S,E,train,235,30
8SVG,A,B,train,119,17
8IM0,A,B,train,214,27
5JB9,E,S,train,51,21
3BOM,A,B,train,142,23
4QYO,B,A,train,111,20
3K05,A,B,train,193,18
5CVD,A,B,train,231,10
5JSH,B,A,train,481,100
5Z0F,B,A,train,77,24
6TS3,B,A,train,70,8
6NI9,A,B,train,227,71
7RG8,A,B,train,385,120
4HI9,B,A,train,72,25
5NQ0,A,B,train,275,42
6RD2,B,A,train,109,15
4X5W,A,B,train,181,66
6NE2,B,A,train,193,34
5LZH,A,B,train,101,32
6TS3,B,A,train,70,8
6II1,A,B,train,137,22
8TBG,C,A,train,165,16
5N8W,A,B,train,121,50
6TBX,B,A,train,249,13
6Q0N,B,A,train,93,13
6Y2A,A,B,train,276,53
5JSK,A,B,train,283,90
6Z8M,B,A,train,482,99
7OQF,B,A,train,255,55
5N8E,A,B,train,119,5
6FAU,C,A,train,229,9
5WXH,A,C,train,63,8
9I43,H,L,train,235,51
6TJT,A,B,train,159,12
4YEC,B,A,train,228,63
5IQO,C,A,train,132,20
5XVE,A,B,train,331,69
7W4Z,B,A,train,154,50
6DDM,C,A,train,88,12
7JQK,I,E,train,165,21
6GSC,B,A,train,206,21
5XCT,B,A,train,161,71
8BJ8,A,B,train,394,118
5N8J,A,B,train,122,12
7JOD,E,I,train,223,37
6R2W,H,L,train,249,29
8AVS,B,A,train,51,8
5QZ6,A,B,train,237,9
7ROV,A,B,train,168,17
5Z0E,B,A,train,73,23
9I41,H,L,train,228,54
8ZXW,A,H,train,214,12
5IMM,B,A,train,125,24
5QZ6,B,A,train,300,8
8EHE,A,B,train,352,53
7KWV,A,B,train,268,42
4Y11,E,I,train,223,29
9EZU,B,A,train,128,20
6NI9,B,A,train,229,71
6FUD,A,B,train,77,25
6V2O,B,A,train,100,34
5IQN,G,A,train,132,22
7T89,D,A,train,171,12
8DA8,A,B,train,57,17
8QF4,E,A,train,127,27
3D1K,B,A,train,146,23
6NSV,B,A,train,130,20
9G6Q,H,L,train,120,24
5WXH,C,A,train,60,8
6FEA,C,A,train,113,41
6R2W,H,L,train,249,29
3WVD,B,A,train,212,95
5XCQ,B,A,train,160,62
5R04,A,B,train,237,9
5BXO,B,A,train,163,21
5A0R,B,A,train,192,24
3X24,A,B,train,195,88
4HM8,B,A,train,192,45
4HM8,A,B,train,446,53
9I43,H,L,train,235,51
6OSV,K,L,train,81,18
3AWS,A,B,train,273,45
8IC9,A,B,train,76,16
3D25,A,B,train,274,37
7OQN,B,A,train,255,55
7COH,F,A,train,91,33
3X20,A,B,train,195,87
7G83,A,B,train,179,32
7BNT,B,A,train,75,14
3D25,A,B,train,274,37
7D9Z,L,H,train,217,60
6R2W,T,L,train,210,49
5Z0D,B,A,train,80,27
8IM0,A,B,train,214,27
6TNQ,C,A,train,75,21
4G9S,A,B,train,187,37
3TV3,L,H,train,205,51
5N8B,G,A,train,121,5
7UXM,C,A,train,163,12
6I4D,A,G,train,351,31
8BJ7,B,A,train,88,73
7N3H,L,H,train,213,61
6DUB,A,B,train,222,17
6RKG,B,A,train,122,5
8IM0,B,A,train,124,19
6FUB,A,B,train,81,26
8E2Z,B,A,train,100,33
5T5L,B,A,train,229,28
6VNT,B,A,train,395,39
5Z0D,A,B,train,276,44
6SQP,B,A,train,68,33
5JB9,S,E,train,235,30
9N89,H,L,train,215,44
9QDD,B,A,train,88,74
9GG7,B,A,train,236,27
6EH5,A,B,train,202,56
8R7U,A,B,train,199,13
4JOF,A,B,train,87,19
9D5V,B,A,train,228,105
3CZF,A,B,train,276,44
3AWT,A,B,train,278,45
5M2O,A,B,train,137,29
3P73,B,A,train,99,34
4TRP,H,L,train,203,47
4JOR,A,B,train,87,11
4NDO,B,A,train,268,57
7OQI,A,B,train,254,53
6Y26,A,B,train,276,50
7T0H,L,H,train,219,53
6TBX,A,B,train,249,14
6YPQ,A,B,train,164,45
5A0R,A,B,train,192,19
6NSV,B,A,train,130,20
3MRE,B,A,train,100,32
6HER,B,A,train,124,16
9FZK,A,B,train,131,52
5A0E,A,B,train,165,11
5CVD,A,B,train,231,10
4HRR,B,A,train,151,25
6I4E,A,G,train,351,31
5NJ9,B,A,train,443,78
5NQ0,A,B,train,275,42
7WZZ,A,B,train,277,40
6WFY,H,L,train,228,50
9GZL,B,A,train,88,71
8IC9,A,B,train,76,16
8TK9,A,B,train,204,23
5UD9,L,H,train,205,53
2ZMX,A,B,train,277,47
6Z8J,A,B,train,279,87
3FIL,B,A,train,56,13
8IM0,B,A,train,124,19
5NJ9,B,A,train,443,78
6Y29,B,A,train,100,35
8TBK,C,A,train,164,15
5LZH,B,A,train,101,30
6GAL,T,S,train,266,23
8B2R,A,B,train,78,24
4Y0Y,E,I,train,223,38
4JOJ,A,B,train,87,12
3P95,A,E,train,224,35
5GOD,B,A,train,76,16
8RPE,E,B,train,114,27
7ADR,E,A,train,466,40
4ONL,B,A,train,149,17
3NHE,A,B,train,337,69
6FC0,A,B,train,192,55
7RPU,B,A,train,218,57
8R7U,B,A,train,199,13
5CGQ,A,B,train,268,43
7AQZ,C,A,train,124,4
4KU0,D,A,train,96,9
4JOE,B,A,train,87,13
7S5H,B,A,train,230,44
3AWU,A,B,train,278,45
3TVJ,B,A,train,242,23
6Y26,A,B,train,276,50
8RS8,B,A,train,205,16
3F9X,B,A,train,160,14
8SVH,B,A,train,78,24
7T0H,L,H,train,219,53
8OW6,D,A,train,148,3
9DNO,B,A,train,71,6
3D3B,A,J,train,139,25
3A8G,B,A,train,212,92
5N8B,G,A,train,121,5
5N8J,C,A,train,120,49
7R5I,C,A,train,148,33
5CGQ,A,B,train,268,43
3DS4,B,A,train,75,14
6Q0M,B,A,train,94,19
4CBU,G,A,train,125,38
7ADR,B,A,train,465,86
3AWS,B,A,train,78,23
9HUB,X,C,train,73,7
6EH4,E,D,train,244,61
2ZMX,A,B,train,277,47
7ADY,C,A,train,113,38
5Z0G,A,B,train,276,41
6OC7,C,H,train,58,14
4RTW,C,A,train,57,17
7W4Z,A,B,train,362,46
6MT3,C,A,train,100,37
3X25,B,A,train,212,94
5TEG,A,B,train,160,10
6FC0,B,A,train,77,54
3K05,B,A,train,200,9
5JSH,A,B,train,283,93
6VJU,B,A,train,317,51
7ADR,E,A,train,466,40
6J2U,B,A,train,273,42
4NB3,B,A,train,122,22
5GOD,A,B,train,76,15
3A8M,B,A,train,212,93
5XCT,A,B,train,167,67
8B58,A,B,train,199,12
8BJ8,A,B,train,394,118
6ZEH,C,A,train,65,48
6OSV,H,L,train,119,25
5JB9,E,S,train,51,21
5TEG,A,B,train,160,10
3OT1,A,B,train,194,35
5GOD,B,A,train,76,16
7OQF,A,B,train,254,54
9N9N,A,B,train,167,5
4LMS,A,B,train,80,61
6NSV,A,B,train,128,22
8VLF,A,B,train,53,13
7OQM,B,A,train,255,55
7ADR,C,A,train,113,40
7ADR,B,A,train,465,86
5IMK,B,A,train,125,19
5N8B,B,A,train,120,8
6TNQ,C,A,train,75,21
8TBG,C,A,train,165,16
3VZ9,B,D,train,103,45
6FUD,B,A,train,81,31
8B58,B,A,train,200,11
5IMM,B,A,train,125,24
9FYS,Z,C,train,74,6
5N8E,D,A,train,120,45
7NFB,B,A,train,244,47
9DNQ,B,A,train,75,15
6Y29,A,B,train,276,50
3X20,B,A,train,212,93
8BJ7,B,A,train,88,73
5Z0K,A,B,train,276,39
6TBX,C,A,train,238,38
7KGQ,A,B,train,276,40
9QD6,B,A,train,88,70
8BD1,A,B,train,127,32
7T89,A,B,train,63,48
7DY4,A,B,train,141,24
3SPV,B,A,train,99,32
9H8H,A,D,train,214,48
9G6Q,L,H,train,113,31
8GKO,C,A,train,282,46
6Z1V,A,B,train,80,16
6TJT,A,B,train,159,12
6TBX,B,A,train,249,13
8RPE,B,E,train,118,27
7KGQ,B,A,train,99,33
7TUC,A,B,train,274,37
6TBX,D,A,train,249,45
8R7T,A,B,train,197,12
4LLD,B,A,train,101,32
4JOR,B,A,train,87,14
6HER,A,B,train,103,19
6OC7,H,L,train,219,45
8OW6,B,A,train,148,38
5Z0I,A,B,train,273,38
8OW6,B,A,train,148,38
4X5W,B,A,train,188,61
4QLP,A,B,train,175,63
9YY0,L,H,train,211,54
3X25,A,B,train,195,87
6FR4,A,B,train,202,63
7COH,B,A,train,226,88
6T1Q,B,A,train,162,25
6RD2,A,B,train,110,15
5XVE,B,A,train,76,40
4LMS,B,A,train,161,62
7T89,C,A,train,62,12
8GKO,A,C,train,95,32
4LMS,A,B,train,80,61
7T89,C,A,train,62,12
6SQP,A,B,train,63,30
8ZXW,L,H,train,217,59
4CBU,A,G,train,357,30
7Z76,C,A,train,143,6
6R2W,L,H,train,133,28
6XTD,A,B,train,132,37
3MRE,A,B,train,274,43
6RKG,A,B,train,99,7
6I4D,G,A,train,122,32
4PJ2,A,B,train,121,29
5Z0L,A,B,train,276,40
5YRH,A,B,train,142,19
6HOI,B,A,train,117,13
3MEU,A,B,train,173,22
5GOD,A,B,train,76,15
8BBP,A,B,train,344,74
7OQI,B,A,train,255,55
4PZ3,A,B,train,150,24
9GZ4,A,B,train,393,119
6G7R,T,S,train,263,21
3NHE,A,B,train,337,69
5NGQ,A,B,train,114,8
7SAK,A,B,train,225,25
3AWX,A,B,train,278,43
4QYO,B,A,train,111,20
4FLG,B,A,train,101,44
8R7U,B,A,train,199,13
9R2Z,A,B,train,79,20
6Y26,B,A,train,100,36
7OQF,B,A,train,255,55
3AWX,B,A,train,72,23
9R2Z,A,B,train,79,20
6FU9,C,A,train,79,6
8BBP,B,A,train,346,76
8RPE,B,E,train,118,27
8IC9,B,A,train,76,16
9EZU,A,B,train,118,21
6T1Q,A,B,train,172,22
6FG8,B,A,train,189,19
8RPE,E,B,train,114,27
7UXM,B,A,train,164,9
6HER,B,A,train,124,16
5TEG,B,A,train,158,18
4NMP,A,B,train,87,14
9FC2,B,A,train,120,28
5XCT,B,A,train,161,71
5NI3,B,A,train,228,11
5IZ3,B,A,train,315,56
9QDD,A,B,train,393,123
9HUB,B,C,train,133,26
6V2P,A,B,train,276,39
2ZWG,B,A,train,71,20
3D1K,A,B,train,142,22
2ZWE,B,A,train,77,24
5Z0H,A,B,train,273,37
8SRV,A,B,train,306,69
5N8J,C,A,train,120,49
8TBG,D,A,train,164,13
8SVI,B,A,train,78,23
3D9A,L,C,train,213,15
7RSW,B,A,train,125,7
6XTD,A,B,train,132,37
8TK9,B,A,train,56,24
7COH,H,A,train,75,8
3DNJ,B,A,train,81,18
5M2O,B,A,train,74,21
6MT3,C,A,train,100,37
6J2U,B,A,train,273,42
9R2Z,B,A,train,78,21
7G83,B,A,train,245,41
7D9Z,H,L,train,207,57
7DA0,C,B,train,74,46
3A9J,B,A,train,77,5
8SVH,A,B,train,119,19
3MEU,B,A,train,174,30
8FXQ,B,A,train,329,26
5XCQ,A,B,train,166,66
9N9N,B,A,train,169,11
3HHT,A,B,train,200,99
9HUB,Z,C,train,74,4
6UCF,L,H,train,213,55
8R7T,B,A,train,199,11
5OL4,B,A,train,122,5
8BBP,A,B,train,344,74
6NI9,B,A,train,229,71
7ROV,A,B,train,168,17
5N8E,A,B,train,119,5
4Y0Y,E,I,train,223,38
7AIZ,A,B,train,473,85
5R0D,A,B,train,237,9
3MRG,B,A,train,100,33
8VTD,A,B,train,214,49
9QDG,A,B,train,393,124
7RG8,B,A,train,74,71
6SQP,B,A,train,68,33
5CVD,B,A,train,226,9
7W50,A,B,train,363,50
6BRA,B,A,train,99,40
7ROV,B,A,train,168,11
3VZ9,B,D,train,103,45
4KU0,A,B,train,92,87
7D5B,A,D,train,369,25
8DA3,B,A,train,50,18
3SPV,A,B,train,276,42
3D32,B,A,train,116,7
4X5W,B,A,train,188,61
8DA3,A,B,train,54,15
6VNT,A,B,train,268,45
6TBX,D,A,train,249,45
4PJ2,C,A,train,122,8
3WGX,B,A,train,112,9
4CBU,G,A,train,125,38
8OW6,A,B,train,148,37
5NI3,D,A,train,224,16
3F1P,A,B,train,114,27
6TBX,A,B,train,249,14
4LLD,A,B,train,99,28
7OQF,A,B,train,254,54
7UXM,A,B,train,166,8
5OK6,A,B,train,219,29
6MT6,C,A,train,99,35
4JOR,A,B,train,87,11
5JSH,A,B,train,283,93
9GZ4,B,A,train,88,70
6ZEH,B,A,train,308,16
6T1Q,A,B,train,172,22
6FUD,B,A,train,81,31
9IA3,B,A,train,228,61
7DY4,B,A,train,146,24
5N8W,B,A,train,121,51
6GSC,A,B,train,205,21
3AWS,B,A,train,78,23
7D5B,A,D,train,369,25
3AWT,B,A,train,78,25
9FZK,B,A,train,286,60
4HM8,A,B,train,446,53
4Y11,I,E,train,56,18
5NI3,C,A,train,228,13
6Q8G,B,A,train,114,38
8B0Z,A,B,train,131,15
5XCQ,B,A,train,160,62
5NI9,A,B,train,179,64
6ZEG,A,C,train,311,84
5IMK,A,B,train,118,25
4HPK,A,B,train,110,23
7CN7,A,C,train,178,30
6VJU,B,A,train,317,51
3X25,A,B,train,195,87
3P73,A,B,train,275,50
3F9X,A,B,train,160,12
4A7G,F,A,train,153,22
7G83,B,A,train,245,41
5XCT,A,B,train,167,67
9FYS,B,C,train,133,25
6I4D,A,G,train,351,31
7LPF,A,B,train,268,40
5M2O,B,A,train,74,21
8FXQ,A,B,train,324,29
6RUC,A,B,train,283,86
9I24,H,L,train,234,25
3SPV,A,B,train,276,42
2ZWG,A,B,train,276,43
3LN4,B,A,train,99,36
7AIZ,E,A,train,465,40
6HOI,A,B,train,118,14
3AWW,B,A,train,77,24
5NGQ,A,B,train,114,8
4LMS,B,A,train,161,62
7COH,H,A,train,75,8
8QF4,E,A,train,127,27
7ADY,E,A,train,466,40
6II1,B,A,train,143,27
7D9Z,H,L,train,207,57
9HUB,Z,C,train,74,4
8FXQ,A,B,train,324,29
3A9J,B,A,train,77,5
3BOM,C,A,train,142,11
5Z0K,B,A,train,73,22
9I43,L,H,train,211,62
7W50,B,A,train,154,50
7Z76,A,B,train,104,30
3MRG,B,A,train,100,33
9D6K,B,A,train,228,106
5Z0L,B,A,train,73,22
7COH,D,A,train,143,45
8E2Z,A,B,train,269,42
5OL4,B,A,train,122,5
9G6Q,L,H,train,113,31
5YRH,A,B,train,142,19
3MRG,A,B,train,274,44
4HI8,B,A,train,72,26
7PH1,E,I,train,223,33
4U1M,A,B,train,277,47
6WX3,A,B,train,268,44
6DDM,B,A,train,216,45
7JQK,I,E,train,165,21
8BD1,B,A,train,130,29
7SAK,B,A,train,119,24
5GJH,C,A,train,96,12
6XTD,B,A,train,163,45
7FMI,A,B,train,252,11
7UXM,C,A,train,163,12
2ZPB,B,A,train,211,95
6Q0N,A,B,train,93,16
7ADY,C,A,train,113,38
9QD6,A,B,train,396,119
7TUC,B,A,train,99,32
4LLD,B,A,train,101,32
5Z0L,A,B,train,276,40
9ERB,T,S,train,268,24
3DNJ,A,B,train,80,17
9MEF,A,B,train,264,41
6FU9,D,A,train,87,4
4KU0,C,A,train,92,87
3A8G,A,B,train,195,83
5WXH,C,A,train,60,8
8RS8,D,A,train,210,10
4JOE,A,B,train,87,15
6FU9,B,A,train,84,30
8QF4,A,E,train,67,25
9QD6,B,A,train,88,70
6UCF,L,H,train,213,55
5XEC,A,C,train,82,50
9I24,L,H,train,52,20
7TGF,B,A,train,129,27
6TJT,B,A,train,158,12
8S2M,A,B,train,132,41
3D32,B,A,train,116,7
5N89,B,A,train,122,6
8B2F,A,B,train,74,4
4JOE,A,B,train,87,15
9GZL,A,B,train,394,121
7TUC,A,B,train,274,37
5N89,A,B,train,121,7
7NFB,A,B,train,241,50
8S2M,B,A,train,128,39
9FYS,X,C,train,72,5
4NDO,A,B,train,245,64
7AIZ,B,A,train,464,86
5D7F,B,A,train,91,35
6T1Q,B,A,train,162,25
6Q8G,C,A,train,114,13
6Z8M,A,B,train,283,87
7LKL,A,B,train,269,43
4EE6,A,B,train,280,18
6J2U,A,B,train,72,23
7Z76,C,A,train,143,6
8R7S,A,B,train,200,13
5XHZ,B,A,train,59,9
7WJ2,A,B,train,276,46
7R7W,B,A,train,100,33
5Z0H,B,A,train,72,21
6FG8,B,A,train,189,19
7QOU,B,A,train,227,108
3AWU,B,A,train,78,25
4J47,C,A,train,76,15
3D9A,L,C,train,213,15
4HI9,A,B,train,168,25
9FC2,A,B,train,195,32
5A0R,B,A,train,192,24
4ONL,A,B,train,140,16
6WFY,L,H,train,215,55
9I41,L,H,train,212,51
7R5I,C,A,train,148,33
7ADR,A,B,train,473,85
6VNT,A,B,train,268,45
5IQO,C,A,train,132,20
3SPV,B,A,train,99,32
7LKL,B,A,train,394,40
3BWA,B,A,train,100,32
7COH,T,A,train,72,7
4OB0,A,B,train,202,97
5Z0F,A,B,train,279,39
8QF4,A,E,train,67,25
3F1P,A,B,train,114,27
4JOR,B,A,train,87,14
3CZF,B,A,train,100,32
9YY0,L,H,train,211,54
8GKO,C,A,train,282,46
8G4K,B,A,train,111,24
8OW6,A,B,train,148,37
5N9C,A,B,train,113,15
8GV1,B,A,train,212,47
9DNP,B,A,train,73,14
8AVS,A,B,train,51,11
5JSH,B,A,train,481,100
4FLG,A,B,train,99,39
7AQZ,B,A,train,361,123
2ZPB,A,B,train,195,87
9YY0,H,L,train,209,53
6EH5,B,A,train,244,64
3A8M,A,B,train,195,84
8G4K,B,A,train,111,24
8GV1,B,A,train,212,47
7AQZ,B,A,train,361,123
4K12,A,B,train,64,20
5IMM,A,B,train,120,30
6Z8J,D,A,train,479,13
8E2Z,A,B,train,269,42
7T0H,H,L,train,215,50
7W51,A,B,train,361,48
7WZZ,B,A,train,99,30
7ADR,A,B,train,473,85
6FU9,A,B,train,79,25
8B2F,B,A,train,74,4
5Z0E,A,B,train,273,37
8B58,A,B,train,199,12
6Q8G,C,A,train,114,13
4Y11,E,I,train,223,29
9DNP,B,A,train,73,14
9GZ4,B,A,train,88,70
9I41,H,L,train,228,54
6OSH,L,K,train,113,17
6RUC,A,B,train,283,86
8SVH,A,B,train,119,19
9FC2,B,A,train,120,28
9N89,H,L,train,215,44
7COH,A,B,train,512,96
3CZF,B,A,train,100,32
9MEF,B,A,train,100,32
8GKO,A,C,train,95,32
7JOD,I,E,train,166,23
4HI9,B,A,train,72,25
7Y8J,L,H,train,114,28
8TBK,B,A,train,170,1
6NE2,A,B,train,119,21
4PJ2,B,A,train,123,28
6R2W,T,L,train,210,49
7RPU,A,B,train,210,55
4G9S,A,B,train,187,37
9GZ0,B,A,train,88,71
3P73,B,A,train,99,34
5N89,K,A,train,119,2
3O2R,D,A,train,143,3
3A8G,B,A,train,212,92
9N89,L,H,train,212,46
6OSV,H,L,train,119,25
9QDG,A,B,train,393,124
7D5B,D,A,train,112,26
4EJD,B,A,train,99,37
3AWX,A,B,train,278,43
3WGX,A,B,train,109,10
6UCF,H,L,train,226,57
5A0E,B,A,train,164,15
7OQK,A,B,train,254,53
9DNO,A,B,train,77,8
5N8J,D,A,train,120,7
8AED,A,B,train,160,26
7KWV,A,B,train,268,42
5FFV,B,A,train,108,18
8DA8,A,B,train,57,17
8VTD,B,A,train,221,53
3X26,A,B,train,195,84
8OW6,D,A,train,148,3
2ZWG,B,A,train,71,20
6V2O,A,B,train,276,41
6RTP,B,A,train,482,100
4FL8,B,A,train,99,39
3F9X,C,A,train,160,11
6Y2A,B,A,train,100,34
5N8E,B,A,train,122,5
2ZWG,A,B,train,276,43
9GZ0,A,B,train,393,121
6FU9,C,A,train,79,6
7OQK,B,A,train,255,55
3A8M,B,A,train,212,93
3O2R,B,A,train,143,28
6Q8G,B,A,train,114,38
5JSK,B,A,train,481,101
6RD2,B,A,train,109,15
5N9C,B,A,train,110,16
4X5W,A,B,train,181,66
3X20,B,A,train,212,93
8SVI,A,B,train,119,20
4JOJ,A,B,train,87,12
4KU0,C,A,train,92,87
6EH4,D,E,train,204,63
6SQP,A,B,train,63,30
9YY0,H,L,train,209,53
4NMP,B,A,train,87,13
7DA0,B,C,train,95,56
3DS4,A,B,train,77,13
3NHE,B,A,train,76,43
6ZEG,B,A,train,308,14
6V2P,B,A,train,100,36
3BOM,C,A,train,142,11
5Z0D,A,B,train,276,44
7PH1,I,E,train,56,17
5IZ3,B,A,train,315,56
3AWS,A,B,train,273,45
8EC5,B,A,train,99,31
3QGJ,C,A,train,198,3
3VZ9,D,B,train,60,36
6YPQ,B,A,train,172,42
8R7S,B,A,train,200,11
5FFV,A,B,train,111,21
3BOM,B,A,train,147,25
5JSK,A,B,train,283,90
3P95,A,E,train,224,35
2ZPB,B,A,train,211,95
9ERC,T,S,train,267,22
7Z76,A,B,train,104,30
9FYS,B,C,train,133,25
2ZMX,B,A,train,77,24
4QYO,A,B,train,114,23
6I4D,G,A,train,122,32
7S5H,A,B,train,92,28
8E2Z,B,A,train,100,33
3LN4,B,A,train,99,36
4YEC,A,B,train,126,55
8G4K,A,B,train,101,27
5IMM,A,B,train,120,30
4HRR,D,A,train,151,20
3P95,E,A,train,58,16
3HHT,A,B,train,200,99
5NI3,D,A,train,224,16
8AED,A,B,train,160,26
9KHC,C,A,train,248,9
3MEU,A,B,train,173,22
7BNT,B,A,train,75,14
3D9A,C,L,train,129,13
4KU0,B,A,train,92,90
3P73,A,B,train,275,50
4U1M,B,A,train,100,32
6OSH,K,L,train,81,17
6FEA,B,A,train,464,88
7NFB,A,B,train,241,50
2ZPB,A,B,train,195,87
7KGQ,B,A,train,99,33
7LKL,B,A,train,394,40
7TGF,A,B,train,259,31
6Q8G,D,A,train,114,8
5NI3,B,A,train,228,11
5NGQ,D,A,train,114,13
6OSH,H,L,train,114,30
5N9C,B,A,train,110,16
8TBK,A,B,train,170,2
9H8H,A,D,train,214,48
8B0Z,B,A,train,130,16
4TRP,H,L,train,203,47
5DC8,A,B,train,363,32
5FFV,A,B,train,111,21
7COH,T,A,train,72,7
5Z0I,B,A,train,73,20
5N8W,A,B,train,121,50
4LLD,A,B,train,99,28
7COH,I,A,train,70,5
5XEC,C,A,train,80,33
5R04,A,B,train,237,9
4PZ3,B,A,train,151,28
5ELQ,B,A,train,95,18
5T5L,A,B,train,229,27
8SVI,B,A,train,78,23
6FR4,A,B,train,202,63
8BJ8,B,A,train,88,71
8R7U,A,B,train,199,13
9GG7,A,B,train,234,25
6GSC,A,B,train,205,21
7OQI,A,B,train,254,53
6ZEH,B,A,train,308,16
4NB3,B,A,train,122,22
5FFV,B,A,train,108,18
7CN7,C,A,train,75,29
3TV3,H,L,train,233,66
7OQM,A,B,train,254,54
7WJ2,B,A,train,100,31
7CN7,C,A,train,75,29
7DY4,B,A,train,146,24
9DNQ,B,A,train,75,15
7COH,A,B,train,512,96
8B0Z,B,A,train,130,16
7ADY,A,B,train,473,85
8GV2,A,B,train,218,44
3X26,B,A,train,212,93
6R4Z,A,B,train,198,22
7D9Z,L,H,train,217,60
6TBX,C,A,train,238,38
9I41,L,H,train,212,51
6DDM,A,C,train,215,8
6R4Z,B,A,train,192,23
6DDM,B,A,train,216,45
6FAU,C,A,train,229,9
8B0Z,A,B,train,131,15
7TGF,B,A,train,129,27
4FL8,A,B,train,99,40
8S2M,B,A,train,128,39
6VJU,A,B,train,316,51
4LMS,C,A,train,68,27
3NHE,B,A,train,76,43
7RG8,A,B,train,385,120
6FUD,A,B,train,77,25
4J47,C,A,train,76,15
7W50,B,A,train,154,50
8EHE,B,A,train,124,43
6VI2,A,B,train,215,66
7S6O,B,A,train,75,11
8AED,B,A,train,160,29
3D9A,H,C,train,210,15
6Z8M,B,A,train,482,99
8TBK,C,A,train,164,15
3F9X,B,A,train,160,14
5UD9,L,H,train,205,53
8VLF,B,A,train,53,12
2ZWE,B,A,train,77,24
8TBK,D,A,train,165,15
7R7W,A,B,train,276,41
6II1,D,A,train,145,14
4CBU,A,G,train,357,30
3X26,A,B,train,195,84
8SVG,B,A,train,74,24
5JRD,T,S,train,264,19
3AWT,A,B,train,278,45
4K12,B,A,train,82,14
7WJ2,B,A,train,100,31
7QOU,B,A,train,227,108
5JSY,A,B,train,283,91
4HI9,A,B,train,168,25
9DNO,B,A,train,71,6
6FEA,A,B,train,461,83
4PJ2,D,A,train,122,28
7RSW,B,A,train,125,7
3ZE9,A,B,train,278,85
7T89,B,A,train,174,63
6OSH,K,L,train,81,17
8B2F,A,B,train,74,4
6FEA,A,B,train,461,83
3TVJ,A,B,train,83,17
4FL8,A,B,train,99,40
9HUB,C,X,train,119,3
5XHZ,A,B,train,60,8
7COH,P,A,train,258,1
3F1P,B,A,train,111,29
3LN4,A,B,train,274,42
6YPQ,A,B,train,164,45
4HRR,D,A,train,151,20
5QZ6,A,B,train,237,9
3MRE,A,B,train,274,43
8SVH,B,A,train,78,24
5NI3,C,A,train,228,13
7SAK,B,A,train,119,24
4HT3,B,A,train,393,39
6GG7,A,B,train,338,37
8BD1,A,B,train,127,32
3D3B,A,J,train,139,25
3S43,B,A,train,99,43
5NGQ,B,A,train,114,7
7AIZ,B,A,train,464,86
4KU0,D,A,train,96,9
4HT3,B,A,train,393,39
3HHT,B,A,train,227,109
9GZ4,A,B,train,393,119
6FG8,A,B,train,188,27
8ZXW,H,L,train,213,47
9FZK,A,B,train,131,52
7R5I,B,A,train,143,34
5NJ9,A,B,train,480,79
6I4E,G,A,train,122,31
8VLF,A,B,train,53,13
6RUC,B,A,train,481,99
3AWU,A,B,train,278,45
9EZU,B,A,train,128,20
3TV3,L,H,train,205,51
7AQZ,D,A,train,93,22
7NFB,B,A,train,244,47
4NDO,A,B,train,245,64
6G7R,T,S,train,263,21
3AWU,B,A,train,78,25
3OT1,A,B,train,194,35
7ADY,B,A,train,465,86
4YEC,B,A,train,228,63
5N89,F,A,train,122,11
4NB3,A,B,train,123,13
9HUB,B,C,train,133,26
7PH1,I,E,train,56,17
3BWA,B,A,train,100,32
6SWT,B,A,train,88,18
8B2F,B,A,train,74,4
4NZU,H,L,train,223,56
6TS3,A,B,train,73,10
3DS4,B,A,train,75,14
5JSY,B,A,train,482,100
5DC8,B,A,train,363,34
6L0V,G,A,train,60,8
4LMS,C,A,train,68,27
5NQ0,B,A,train,99,28
5D7F,A,B,train,91,35
7OQN,A,B,train,254,54
7TGF,A,B,train,259,31
3WVD,B,A,train,212,95
5R04,B,A,train,300,8
4TRP,L,H,train,219,49
6ZEH,A,C,train,304,78
3O2R,D,A,train,143,3
9N9N,A,B,train,167,5
9GZ0,B,A,train,88,71
6FG8,A,B,train,188,27
5OK6,B,A,train,217,20
8B2R,B,A,train,86,33
2ZWD,A,B,train,273,44
3D32,A,B,train,118,9
5NJ9,A,B,train,480,79
8TK9,B,A,train,56,24
8DA7,B,A,train,52,20
4OB0,B,A,train,228,109
6V2O,A,B,train,276,41
5Z0G,B,A,train,72,20
3WGX,A,B,train,109,10
6Q8G,D,A,train,114,8
7S5H,B,A,train,230,44
3LN4,A,B,train,274,42
5IMK,A,B,train,118,25
7AIZ,C,A,train,112,41
7KGQ,A,B,train,276,40
6I4E,G,A,train,122,31
8TBG,A,B,train,167,1
4JOF,B,A,train,87,14
8S2M,A,B,train,132,41
5ELQ,B,A,train,95,18
3K05,B,A,train,200,9
5UD9,H,L,train,227,54
6FPO,T,S,train,264,20
8R7T,A,B,train,197,12
5N8E,C,A,train,121,8
6OSH,L,K,train,113,17
7DY4,G,A,train,141,5
9R2Z,B,A,train,78,21
6Y26,B,A,train,100,36
5N89,A,B,train,121,7
7OQI,B,A,train,255,55
4FLG,A,B,train,99,39
5N8W,B,A,train,121,51
5N89,B,A,train,122,6
4JOJ,B,A,train,87,17
3VZ9,D,B,train,60,36
6R4Z,A,B,train,198,22
4PJ2,C,A,train,122,8
5LZH,E,A,train,103,32
4HRR,B,A,train,151,25
7R5I,A,B,train,141,28
3TV3,H,L,train,233,66
5XEC,C,A,val,80,33
4HRR,A,B,val,149,28
5JSK,B,A,val,481,101
6XTD,B,A,val,163,45
8DAC,B,A,val,56,14
4TRP,L,H,val,219,49
4PZ3,B,A,val,151,28
5Z0G,B,A,val,72,20
7DA0,C,B,val,74,46
3S43,B,A,val,99,43
7N3H,H,L,val,214,61
7RPU,B,A,val,218,57
4Y0Y,I,E,val,58,17
6II1,C,A,val,138,2
6Q0M,A,B,val,93,12
6FR4,B,A,val,244,65
5JRD,T,S,val,264,19
4A7G,A,F,val,153,21
6RTP,B,A,val,482,100
7JQK,E,I,val,222,35
5D7F,B,A,val,91,35
4G9S,B,A,val,111,37
7BNT,A,B,val,71,17
4OB0,A,B,val,202,97
7ADY,B,A,val,465,86
8DA8,B,A,val,53,11
7RSW,A,B,val,125,7
8VTD,C,A,val,105,15
8AVS,A,B,val,51,11
5OK6,B,A,val,217,20
9QDG,B,A,val,88,72
5R0D,A,B,val,237,9
4NZU,L,H,val,211,57
5N89,D,A,val,122,47
5Z0E,B,A,val,73,23
3L0F,B,A,val,171,11
5NI9,B,A,val,193,55
9QDG,B,A,val,88,72
9QD6,A,B,val,396,119
7UXM,A,B,val,166,8
5YRH,B,A,val,141,16
5N8J,B,A,val,120,12
7W51,A,B,val,361,48
8RS8,A,B,val,210,14
3A9J,A,B,val,76,6
9IA3,B,A,val,228,61
6WX3,B,A,val,389,40
7RG8,B,A,val,74,71
3O2R,A,B,val,144,28
6FU9,D,A,val,87,4
4QYO,A,B,val,114,23
5XVE,B,A,val,76,40
6EH4,E,D,val,244,61
8R7S,B,A,val,200,11
6FPO,T,S,val,264,20
6NI9,A,B,val,227,71
4EE6,A,B,val,280,18
8EHE,B,A,val,124,43
5D7F,A,B,val,91,35
7S6O,A,B,val,73,14
6DUB,A,B,val,222,17
4NMP,B,A,val,87,13
5CVD,B,A,val,226,9
6RTP,A,B,val,283,90
7QOU,A,B,val,200,95
5QU2,A,B,val,56,10
4HRR,A,B,val,149,28
7COH,D,A,val,143,45
5LZH,E,A,val,103,32
6RKG,B,A,val,122,5
4ONL,A,B,val,140,16
3D25,B,A,val,98,32
2ZFD,B,A,val,116,35
6NSV,A,B,val,128,22
5JSY,A,B,val,283,91
7OQM,A,B,val,254,54
4PZ3,A,B,val,150,24
8AED,B,A,val,160,29
3O18,B,A,val,171,37
6R4Z,B,A,val,192,23
6OSV,K,L,val,81,18
9I3W,L,H,val,215,51
6NE2,A,B,val,119,21
8RS8,B,A,val,205,16
4YEC,A,B,val,126,55
6FUB,B,A,val,93,30
7N3H,H,L,val,214,61
6VJU,A,B,val,316,51
4EJD,A,B,val,99,41
6DDM,A,C,val,215,8
7BNT,C,A,val,84,3
3ZE9,B,A,val,479,104
6FEA,E,A,val,464,40
8TBK,A,B,val,170,2
7FMI,B,A,val,300,8
6HIP,A,B,val,104,13
8ZXW,A,H,val,214,12
5N8J,B,A,val,120,12
3DNJ,B,A,val,81,18
6FEA,C,A,val,113,41
4NDO,B,A,val,268,57
3X24,B,A,val,212,95
6FC0,A,B,val,192,55
8DAC,A,B,val,56,17
5A0E,A,B,val,165,11
5N8J,A,B,val,122,12
3D3B,J,A,val,87,29
5Z0H,A,B,val,273,37
9FYS,C,X,val,119,6
6II1,D,A,val,145,14
6VI2,C,A,val,215,4
7SAK,A,B,val,225,25
7COH,J,A,val,56,9
5XHZ,B,A,val,59,9
3O2R,B,A,val,143,28
8DA3,A,B,val,54,15
5N89,K,A,val,119,2
4A7G,A,F,val,153,21
7FMI,A,B,val,252,11
3O2R,A,B,val,144,28
3X24,A,B,val,195,88
5WXH,A,C,val,63,8
3X26,B,A,val,212,93
3S43,A,B,val,99,40
5QZ6,B,A,val,300,8
8BJ8,B,A,val,88,71
6DUB,B,A,val,218,18
9N9N,B,A,val,169,11
5A0R,A,B,val,192,19
3L0F,A,B,val,162,13
5N89,F,A,val,122,11
6II1,B,A,val,143,27
7W4Z,B,A,val,154,50
3BOM,B,A,val,147,25
5DC8,B,A,val,363,34
3F1P,B,A,val,111,29
3QGJ,C,A,val,198,3
6FC0,B,A,val,77,54
7R5I,B,A,val,143,34
2ZFD,A,B,val,183,43
3F9X,C,A,val,160,11
6Z8J,B,A,val,482,98
4PJ2,D,A,val,122,28
7AQZ,C,A,val,124,4
3A8M,A,B,val,195,84
5NQ0,B,A,val,99,28
4U1M,B,A,val,100,32
8ZXW,H,L,val,213,47
9H8H,D,A,test,219,42
5XEC,A,C,test,82,50
6ZEG,C,A,test,66,52
4KU0,A,B,test,92,87
6RUC,B,A,test,481,99
6VI2,A,B,test,215,66
4NZU,H,L,test,223,56
3L0F,A,B,test,162,13
4LMS,D,A,test,162,24
4JOF,A,B,test,87,19
8RS8,A,B,test,210,14
7DY4,A,B,test,141,24
7W50,A,B,test,363,50
3SFJ,C,A,test,104,8
8VLF,B,A,test,53,12
3OT1,B,A,test,189,34
5YRH,B,A,test,141,16
7AIZ,A,B,test,473,85
4QLP,B,A,test,199,57
6HIP,B,A,test,105,11
4J9F,E,A,test,60,11
5XHZ,A,B,test,60,8
4U1M,A,B,test,277,47
5N8E,B,A,test,122,5
7LKL,A,B,test,269,43
8TK9,A,B,test,204,23
2ZMX,B,A,test,77,24
7R5I,A,B,test,141,28
6RD2,A,B,test,110,15
6FU9,A,B,test,79,25
4OB0,B,A,test,228,109
5CGQ,B,A,test,391,38
8G4K,A,B,test,101,27
4Y0Y,I,E,test,58,17
6Z1V,B,A,test,123,20
7Z76,B,A,test,89,32
3X20,A,B,test,195,87
6NE2,B,A,test,193,34
9G6Q,H,L,test,120,24
5R04,B,A,test,300,8
7DY4,G,A,test,141,5
8R7T,B,A,test,199,11
4FLG,B,A,test,101,44
3D9A,C,L,test,129,13
5NGQ,C,A,test,114,37
5Z0K,B,A,test,73,22
7AIZ,C,A,test,112,41
5BXO,B,A,test,163,21
9D6K,B,A,test,228,106
4QLP,A,B,test,175,63
7QOU,A,B,test,200,95
4K12,A,B,test,64,20
8DA8,B,A,test,53,11
6R2W,L,H,test,133,28
5LMM,T,S,test,264,21
4ONL,B,A,test,149,17
3MRE,B,A,test,100,32
6Y29,A,B,test,276,50
6WX3,B,A,test,389,40
9N89,L,H,test,212,46
4J9F,C,A,test,57,2
4FL8,B,A,test,99,39
4JOJ,B,A,test,87,17
6ZEG,B,A,test,308,14
8SVG,A,B,test,119,17
3FIL,A,B,test,55,15
5QU2,A,B,test,56,10
8EC5,B,A,test,99,31
8R7S,A,B,test,200,13
8VTD,C,A,test,105,15
8GV1,A,B,test,214,47
6VI2,D,A,test,236,25
9D5V,A,B,test,203,91
8SRV,B,A,test,313,61
3L0F,B,A,test,171,11
7W51,B,A,test,154,49
6DDM,C,A,test,88,12
5LZH,B,A,test,101,30
5GJH,C,A,test,96,12
6Q0N,B,A,test,93,13
7COH,G,A,test,72,10
5NI9,B,A,test,193,55
5QU2,B,A,test,56,14
8SRV,A,B,test,306,69
6EH5,A,B,test,202,56
8EC5,A,B,test,257,39
5N9C,A,B,test,113,15
3D25,B,A,test,98,32
9QDD,B,A,test,88,74
3AWW,B,A,test,77,24
7KWV,B,A,test,395,40
6FEA,E,A,test,464,40
8FXQ,B,A,test,329,26
9DNO,A,B,test,77,8
9IA3,A,B,test,215,55
6OSV,L,K,test,111,20
7TUC,B,A,test,99,32
6GG7,A,B,test,338,37
3MEU,B,A,test,174,30
6OC7,L,H,test,212,56
5BXO,A,B,test,160,24
7BNT,A,B,test,71,17
4JOK,A,B,test,87,13
6TNQ,E,A,test,67,11
2ZFD,B,A,test,116,35
8GV1,A,B,test,214,47
9FYS,C,X,test,119,6
5NGQ,D,A,test,114,13
9I3W,H,L,test,234,49
3DS4,A,B,test,77,13
7T89,B,A,test,174,63
7COH,P,A,test,258,1
3WGX,B,A,test,112,9
7AIZ,E,A,test,465,40
5Z0I,A,B,test,273,38
5LZH,A,B,test,101,32
8TBK,D,A,test,165,15
6VI2,B,A,test,231,65
9FYS,Z,C,test,74,6
9QDD,A,B,test,393,123
5A0E,B,A,test,164,15
7ADY,E,A,test,466,40
8DA3,B,A,test,50,18
6OSH,H,L,test,114,30
6Z8J,D,A,test,479,13
3DNJ,A,B,test,80,17
5Z0F,A,B,test,279,39
6ZEG,A,C,test,311,84
7W51,B,A,test,154,49
9I43,L,H,test,211,62
8ZXW,L,H,test,217,59
7Y8J,L,H,test,114,28
5NI9,A,B,test,179,64
4JOK,B,A,test,87,15
9D6K,A,B,test,202,92
4EJD,A,B,test,99,41
4J44,C,A,test,76,15
7KWV,B,A,test,395,40
2ZWD,B,A,test,73,23
7ROV,B,A,test,168,11
6WFY,H,L,test,228,50
9GZ0,A,B,test,393,121
4HI8,B,A,test,72,26
5JSY,B,A,test,482,100
2ZWD,B,A,test,73,23
5IZ3,A,B,test,316,53
6Y29,B,A,test,100,35
8EC5,A,B,test,257,39
4RTW,C,A,test,57,17
